dish_id,calories,serving_size,protein,fat,carbs,ingredient_id_1,ingredient_name_1,amount_1,calories_1,fat_1,carb_1,protein_1,ingredient_id_2,ingredient_name_2,amount_2,calories_2,fat_2,carb_2,protein_2,ingredient_id_3,ingredient_name_3,amount_3,calories_3,fat_3,carb_3,protein_3,ingredient_id_4,ingredient_name_4,amount_4,calories_4,fat_4,carb_4,protein_4,ingredient_id_5,ingredient_name_5,amount_5,calories_5,fat_5,carb_5,protein_5,ingredient_id_6,ingredient_name_6,amount_6,calories_6,fat_6,carb_6,protein_6,ingredient_id_7,ingredient_name_7,amount_7,calories_7,fat_7,carb_7,protein_7,ingredient_id_8,ingredient_name_8,amount_8,calories_8,fat_8,carb_8,protein_8
dish_1572974428,0.0,74.0,0.0,0.0,0.0,ingr_0000000032,tomatoes,15.57224,5.2945616,0.10900568,1.05891232,0.10900568,ingr_0000000042,avocado,23.358358,37.3733728,3.5037537,2.10225222,0.46716716,ingr_0000000098,multigrain bread,13.732376,39.233398232,1.263378592,6.72886424,0.563027416,ingr_0000000161,olive oil,3.89306,34.4146504,3.89306,0.0,0.0,ingr_0000000281,edamame,15.57224,18.9981328,0.79418424,1.52607952,1.7129464,ingr_0000000291,salt,0.045775,0.0,0.0,0.0,0.0,ingr_0000000364,sunflower seeds,1.14116,6.2307336,0.57058,0.171174,0.2168204,ingr_0000000531,pumpkin seeds,0.684788,3.05415448,0.13010972,0.36978552,0.13010972
dish_1572464692,0.0,56.0,0.0,0.0,0.0,ingr_0000000442,hummus,56.0,92.96,5.376,7.84,4.424,,,,,,,,,,,,,,,,,,,,,,,,,,,,,,,,,,,,,,,,,,,,,,,,,
dish_1571931594,0.0,66.0,0.0,0.0,0.0,ingr_0000000433,roasted potatoes,66.0,93.06,4.488,11.88,1.386,,,,,,,,,,,,,,,,,,,,,,,,,,,,,,,,,,,,,,,,,,,,,,,,,
dish_1575478635,0.0,132.0,0.0,0.0,0.0,ingr_0000000008,scrambled eggs,132.0,195.36,14.52,2.112,13.2,,,,,,,,,,,,,,,,,,,,,,,,,,,,,,,,,,,,,,,,,,,,,,,,,
dish_1572887017,0.0,274.0,0.0,0.0,0.0,ingr_0000000015,hash browns,43.0,140.18,9.46,13.76,1.118,ingr_0000000128,egg whites,192.5,100.1,0.385,1.3475,19.25,ingr_0000000475,salsa,38.5,11.165,0.077,2.541,0.5775,,,,,,,,,,,,,,,,,,,,,,,,,,,,,,,,,,,
dish_1572984706,0.0,118.0,0.0,0.0,0.0,ingr_0000000007,cauliflower,114.253265,28.56331625,0.342759795,5.71266325,2.05655877,ingr_0000000161,olive oil,2.142249,18.93748116,2.142249,0.0,0.0,ingr_0000000291,salt,0.012594,0.0,0.0,0.0,0.0,ingr_0000000448,jalapenos,1.428166,0.41416814,0.005712664,0.09283079,0.012853494,ingr_0000000527,chive,0.163726,0.0491178,0.001146082,0.007203944,0.005402958,,,,,,,,,,,,,,,,,,,,,
dish_1572453726,0.0,160.0,0.0,0.0,0.0,ingr_0000000015,hash browns,75.0,244.5,16.5,24.0,1.95,ingr_0000000027,broccoli,45.853661,16.04878135,0.183414644,3.20975627,1.100487864,ingr_0000000039,sausage,38.0,130.948,10.374,1.596,7.334,ingr_0000000161,olive oil,1.146341,10.13365444,1.146341,0.0,0.0,,,,,,,,,,,,,,,,,,,,,,,,,,,,
dish_1572540238,0.0,236.0,0.0,0.0,0.0,ingr_0000000002,strawberries,46.0,15.18,0.138,3.68,0.322,ingr_0000000008,scrambled eggs,68.0,100.64,7.48,1.088,6.8,ingr_0000000039,sausage,38.0,130.948,10.374,1.596,7.334,ingr_0000000433,roasted potatoes,84.0,118.44,5.712,15.12,1.764,,,,,,,,,,,,,,,,,,,,,,,,,,,,
dish_1573762622,0.0,477.0,0.0,0.0,0.0,ingr_0000000076,brisket,202.380951,314.095235952,14.571428472,0.0,42.49999971,ingr_0000000161,olive oil,3.638628,32.16547152,3.638628,0.0,0.0,ingr_0000000243,mozzarella cheese,14.554514,40.403330864,2.488821894,0.465744448,4.07526392,ingr_0000000254,mashed potatoes,202.380951,183.559522557,5.869047579,30.559523601,3.440476167,ingr_0000000441,butter,20.238096,145.10714832,16.39285776,0.020238096,0.161904768,ingr_0000000521,basil,3.638628,0.87327072,0.0,0.07277256,0.14554512,ingr_0000000549,,19.252342,45.33926541,0.904860074,8.028226614,1.039626468,ingr_0000000551,,10.915886,3.16560694,0.021831772,0.76411202,0.141906518
dish_1571931457,0.0,44.0,0.0,0.0,0.0,ingr_0000000039,sausage,44.0,151.624,12.012,1.848,8.492,,,,,,,,,,,,,,,,,,,,,,,,,,,,,,,,,,,,,,,,,,,,,,,,,
dish_1573232499,0.0,474.0,0.0,0.0,0.0,ingr_0000000004,bacon,36.0,194.76,15.12,0.504,13.32,ingr_0000000008,scrambled eggs,269.0,398.12,29.59,4.304,26.9,ingr_0000000027,broccoli,45.853661,16.04878135,0.183414644,3.20975627,1.100487864,ingr_0000000161,olive oil,1.146341,10.13365444,1.146341,0.0,0.0,ingr_0000000194,fried rice,122.0,192.394,2.684,36.478,5.734,,,,,,,,,,,,,,,,,,,,,
dish_1574702473,0.0,161.0,0.0,0.0,0.0,ingr_0000000004,bacon,47.0,254.27,19.74,0.658,17.39,ingr_0000000015,hash browns,114.0,371.64,25.08,36.48,2.964,,,,,,,,,,,,,,,,,,,,,,,,,,,,,,,,,,,,,,,,,,
dish_1571935895,0.0,222.0,0.0,0.0,0.0,ingr_0000000059,oatmeal,222.0,150.96,3.108,26.64,5.328,,,,,,,,,,,,,,,,,,,,,,,,,,,,,,,,,,,,,,,,,,,,,,,,,
dish_1571946018,0.0,97.0,0.0,0.0,0.0,ingr_0000000094,onions,10.047266,4.0189064,0.010047266,0.90425394,0.110519926,ingr_0000000161,olive oil,5.023633,44.40891572,5.023633,0.0,0.0,ingr_0000000243,mozzarella cheese,20.094532,55.782420832,3.436164972,0.643025024,5.62646896,ingr_0000000291,salt,0.088602,0.0,0.0,0.0,0.0,ingr_0000000335,eggplant,20.094532,4.983443936,0.040189064,1.185577388,0.20094532,ingr_0000000549,,26.580538,62.59716699,1.249285286,11.084084346,1.435349052,ingr_0000000551,,15.070898,4.37056042,0.030141796,1.05496286,0.195921674,,,,,,,
dish_1571932375,0.0,117.0,0.0,0.0,0.0,ingr_0000000039,sausage,45.0,155.07,12.285,1.89,8.685,ingr_0000000433,roasted potatoes,72.0,101.52,4.896,12.96,1.512,,,,,,,,,,,,,,,,,,,,,,,,,,,,,,,,,,,,,,,,,,
dish_1572889151,0.0,174.0,0.0,0.0,0.0,ingr_0000000545,greek yogurt,174.0,102.66,0.696,6.264,17.4,,,,,,,,,,,,,,,,,,,,,,,,,,,,,,,,,,,,,,,,,,,,,,,,,
dish_1573233271,0.0,122.0,0.0,0.0,0.0,ingr_0000000279,omelets,122.0,187.88,14.274,0.732,12.688,,,,,,,,,,,,,,,,,,,,,,,,,,,,,,,,,,,,,,,,,,,,,,,,,
dish_1572453701,0.0,85.0,0.0,0.0,0.0,ingr_0000000027,broccoli,45.853661,16.04878135,0.183414644,3.20975627,1.100487864,ingr_0000000039,sausage,38.0,130.948,10.374,1.596,7.334,ingr_0000000161,olive oil,1.146341,10.13365444,1.146341,0.0,0.0,,,,,,,,,,,,,,,,,,,,,,,,,,,,,,,,,,,
dish_1573072410,0.0,139.0,0.0,0.0,0.0,ingr_0000000161,olive oil,4.198418,37.11401512,4.198418,0.0,0.0,ingr_0000000243,mozzarella cheese,16.793671,46.619230696,2.871717741,0.537397472,4.70222788,ingr_0000000456,barley,79.0,97.17,0.316,22.12,1.817,ingr_0000000521,basil,4.198418,1.00762032,0.0,0.08396836,0.16793672,ingr_0000000549,,22.214241,52.314537555,1.044069327,9.263338497,1.199569014,ingr_0000000551,,12.595253,3.65262337,0.025190506,0.88166771,0.163738289,,,,,,,,,,,,,,
dish_1572540876,0.0,65.0,0.0,0.0,0.0,ingr_0000000433,roasted potatoes,65.0,91.65,4.42,11.7,1.365,,,,,,,,,,,,,,,,,,,,,,,,,,,,,,,,,,,,,,,,,,,,,,,,,
dish_1572464738,0.0,188.0,0.0,0.0,0.0,ingr_0000000050,tofu,132.0,96.36,6.336,2.508,10.56,ingr_0000000442,hummus,56.0,92.96,5.376,7.84,4.424,,,,,,,,,,,,,,,,,,,,,,,,,,,,,,,,,,,,,,,,,,
dish_1571945939,0.0,97.0,0.0,0.0,0.0,ingr_0000000034,celery,5.397875,0.86366,0.01079575,0.18352775,0.037785125,ingr_0000000051,shrimp,43.182999,42.75116901,0.129548997,0.086365998,10.36391976,ingr_0000000116,mayonnaise,21.888382,148.8409976,16.4162865,0.131330292,0.21888382,ingr_0000000133,shallots,3.823494,0.7646988,0.007646988,0.126175302,0.05735241,ingr_0000000291,salt,0.031734,0.0,0.0,0.0,0.0,ingr_0000000314,sourdough bread,14.470749,41.805993861,0.260473482,8.132560938,1.722019131,ingr_0000000520,lemon juice,8.204769,1.39481073,0.0,0.459467064,0.032819076,,,,,,,
dish_1573243053,0.0,132.0,0.0,0.0,0.0,ingr_0000000371,dumplings,132.0,303.6,7.128,51.48,8.184,,,,,,,,,,,,,,,,,,,,,,,,,,,,,,,,,,,,,,,,,,,,,,,,,
dish_1571931782,0.0,104.0,0.0,0.0,0.0,ingr_0000000008,scrambled eggs,70.0,103.6,7.7,1.12,7.0,ingr_0000000433,roasted potatoes,34.0,47.94,2.312,6.12,0.714,,,,,,,,,,,,,,,,,,,,,,,,,,,,,,,,,,,,,,,,,,
dish_1572379407,0.0,124.0,0.0,0.0,0.0,ingr_0000000203,chili,124.0,49.6,0.496,11.036,2.232,,,,,,,,,,,,,,,,,,,,,,,,,,,,,,,,,,,,,,,,,,,,,,,,,
dish_1575481406,0.0,27.0,0.0,0.0,0.0,ingr_0000000039,sausage,27.0,93.042,7.371,1.134,5.211,,,,,,,,,,,,,,,,,,,,,,,,,,,,,,,,,,,,,,,,,,,,,,,,,
dish_1573491305,0.0,70.0,0.0,0.0,0.0,ingr_0000000128,egg whites,70.0,36.4,0.14,0.49,7.0,,,,,,,,,,,,,,,,,,,,,,,,,,,,,,,,,,,,,,,,,,,,,,,,,
dish_1573763139,0.0,216.0,0.0,0.0,0.0,ingr_0000000027,broccoli,46.883709,16.40929815,0.187534836,3.28185963,1.125209016,ingr_0000000076,brisket,79.523811,123.420954672,5.725714392,0.0,16.70000031,ingr_0000000161,olive oil,0.87907,7.7709788,0.87907,0.0,0.0,ingr_0000000174,bread crumbs,0.646006,2.5517237,0.032946306,0.460602278,0.085272792,ingr_0000000254,mashed potatoes,79.523811,72.128096577,2.306190519,12.008095461,1.351904787,ingr_0000000291,salt,0.005168,0.0,0.0,0.0,0.0,ingr_0000000441,butter,7.952381,57.01857177,6.44142861,0.007952381,0.063619048,ingr_0000000448,jalapenos,0.586046,0.16995334,0.002344184,0.03809299,0.005274414
dish_1572988741,0.0,54.0,0.0,0.0,0.0,ingr_0000000052,cheese,3.979933,15.99933066,1.31337789,0.051739129,0.99498325,ingr_0000000060,tortilla,8.189308,17.85269144,0.237489932,3.6851886,0.49135848,ingr_0000000094,onions,8.001325,3.20053,0.008001325,0.72011925,0.088014575,ingr_0000000462,pork,25.206244,59.99086072,3.52887416,0.0,6.55362344,ingr_0000000475,salsa,8.623189,2.50072481,0.017246378,0.569130474,0.129347835,,,,,,,,,,,,,,,,,,,,,
dish_1573060410,0.0,152.0,0.0,0.0,0.0,ingr_0000000070,figs,36.118813,99.32673575,0.0,23.47722845,0.902970325,ingr_0000000294,granola,18.059406,84.752792358,3.684118824,11.684435682,1.8059406,ingr_0000000440,grapes,24.079208,16.61465352,0.048158416,4.33425744,0.168554456,ingr_0000000543,chia seeds,1.504951,7.31406186,0.46653481,0.63207942,0.25584167,ingr_0000000545,greek yogurt,72.237625,42.62019875,0.2889505,2.6005545,7.2237625,,,,,,,,,,,,,,,,,,,,,
dish_1573764136,0.0,211.0,0.0,0.0,0.0,ingr_0000000254,mashed potatoes,100.476189,91.131903423,2.913809481,15.171904539,1.708095213,ingr_0000000441,butter,10.047619,72.04142823,8.13857139,0.010047619,0.080380952,ingr_0000000517,chard,50.238094,9.54523786,0.100476188,1.858809478,0.904285692,ingr_0000000528,celery root,50.238094,21.09999948,0.150714282,4.621904648,0.75357141,,,,,,,,,,,,,,,,,,,,,,,,,,,,
dish_1572278943,0.0,96.0,0.0,0.0,0.0,ingr_0000000004,bacon,61.0,330.01,25.62,0.854,22.57,ingr_0000000008,scrambled eggs,35.0,51.8,3.85,0.56,3.5,,,,,,,,,,,,,,,,,,,,,,,,,,,,,,,,,,,,,,,,,,
dish_1573665056,0.0,277.0,0.0,0.0,0.0,ingr_0000000008,scrambled eggs,177.0,261.96,19.47,2.832,17.7,ingr_0000000039,sausage,100.0,344.6,27.3,4.2,19.3,,,,,,,,,,,,,,,,,,,,,,,,,,,,,,,,,,,,,,,,,,
dish_1573232461,0.0,352.0,0.0,0.0,0.0,ingr_0000000004,bacon,36.0,194.76,15.12,0.504,13.32,ingr_0000000008,scrambled eggs,269.0,398.12,29.59,4.304,26.9,ingr_0000000027,broccoli,45.853661,16.04878135,0.183414644,3.20975627,1.100487864,ingr_0000000161,olive oil,1.146341,10.13365444,1.146341,0.0,0.0,,,,,,,,,,,,,,,,,,,,,,,,,,,,
dish_1575999037,0.0,156.0,0.0,0.0,0.0,ingr_0000000008,scrambled eggs,130.0,192.4,14.3,2.08,13.0,ingr_0000000475,salsa,26.0,7.54,0.052,1.716,0.39,,,,,,,,,,,,,,,,,,,,,,,,,,,,,,,,,,,,,,,,,,
dish_1571946265,0.0,86.0,0.0,0.0,0.0,ingr_0000000094,onions,8.907885,3.563154,0.008907885,0.80170965,0.097986735,ingr_0000000161,olive oil,4.453942,39.37284728,4.453942,0.0,0.0,ingr_0000000243,mozzarella cheese,17.815769,49.456574744,3.046496499,0.570104608,4.98841532,ingr_0000000291,salt,0.078554,0.0,0.0,0.0,0.0,ingr_0000000335,eggplant,17.815769,4.418310712,0.035631538,1.051130371,0.17815769,ingr_0000000549,,23.56625,55.49851875,1.10761375,9.82712625,1.2725775,ingr_0000000551,,13.361828,3.87493012,0.026723656,0.93532796,0.173703764,,,,,,,
dish_1572035321,0.0,104.0,0.0,0.0,0.0,ingr_0000000026,white rice,51.0,66.3,0.153,14.28,1.377,ingr_0000000161,olive oil,3.708602,32.78404168,3.708602,0.0,0.0,ingr_0000000243,mozzarella cheese,14.834409,41.180319384,2.536683939,0.474701088,4.15363452,ingr_0000000521,basil,3.708602,0.89006448,0.0,0.07417204,0.14834408,ingr_0000000549,,19.62258,46.2111759,0.92226126,8.18261586,1.05961932,ingr_0000000551,,11.125807,3.22648403,0.022251614,0.77880649,0.144635491,,,,,,,,,,,,,,
dish_1573763118,0.0,167.0,0.0,0.0,0.0,ingr_0000000076,brisket,79.523811,123.420954672,5.725714392,0.0,16.70000031,ingr_0000000254,mashed potatoes,79.523811,72.128096577,2.306190519,12.008095461,1.351904787,ingr_0000000441,butter,7.952381,57.01857177,6.44142861,0.007952381,0.063619048,,,,,,,,,,,,,,,,,,,,,,,,,,,,,,,,,,,
dish_1572453753,0.0,317.0,0.0,0.0,0.0,ingr_0000000008,scrambled eggs,130.833328,193.63332544,14.39166608,2.093333248,13.0833328,ingr_0000000015,hash browns,75.0,244.5,16.5,24.0,1.95,ingr_0000000027,broccoli,45.853661,16.04878135,0.183414644,3.20975627,1.100487864,ingr_0000000039,sausage,38.0,130.948,10.374,1.596,7.334,ingr_0000000161,olive oil,1.146341,10.13365444,1.146341,0.0,0.0,ingr_0000000475,salsa,26.166668,7.58833372,0.052333336,1.727000088,0.39250002,,,,,,,,,,,,,,
dish_1574184971,0.0,50.0,0.0,0.0,0.0,ingr_0000000510,chicken apple sausage,50.0,80.0,5.0,1.5,7.0,,,,,,,,,,,,,,,,,,,,,,,,,,,,,,,,,,,,,,,,,,,,,,,,,
dish_1576259776,0.0,203.0,0.0,0.0,0.0,ingr_0000000015,hash browns,29.0,94.54,6.38,9.28,0.754,ingr_0000000279,omelets,174.0,267.96,20.358,1.044,18.096,,,,,,,,,,,,,,,,,,,,,,,,,,,,,,,,,,,,,,,,,,
dish_1574280343,0.0,71.0,0.0,0.0,0.0,ingr_0000000031,cucumbers,71.0,7.1,0.0,1.42,0.71,,,,,,,,,,,,,,,,,,,,,,,,,,,,,,,,,,,,,,,,,,,,,,,,,
dish_1573665025,0.0,177.0,0.0,0.0,0.0,ingr_0000000008,scrambled eggs,177.0,261.96,19.47,2.832,17.7,,,,,,,,,,,,,,,,,,,,,,,,,,,,,,,,,,,,,,,,,,,,,,,,,
dish_1572538461,0.0,167.0,0.0,0.0,0.0,ingr_0000000008,scrambled eggs,167.0,247.16,18.37,2.672,16.7,,,,,,,,,,,,,,,,,,,,,,,,,,,,,,,,,,,,,,,,,,,,,,,,,
dish_1574359130,0.0,111.0,0.0,0.0,0.0,ingr_0000000008,scrambled eggs,111.0,164.28,12.21,1.776,11.1,,,,,,,,,,,,,,,,,,,,,,,,,,,,,,,,,,,,,,,,,,,,,,,,,
dish_1571934124,0.0,98.0,0.0,0.0,0.0,ingr_0000000433,roasted potatoes,98.0,138.18,6.664,17.64,2.058,,,,,,,,,,,,,,,,,,,,,,,,,,,,,,,,,,,,,,,,,,,,,,,,,
dish_1572031211,0.0,80.0,0.0,0.0,0.0,ingr_0000000161,olive oil,5.59789,49.4853476,5.59789,0.0,0.0,ingr_0000000243,mozzarella cheese,22.39156,62.15897056,3.82895676,0.71652992,6.2696368,ingr_0000000521,basil,5.59789,1.3434936,0.0,0.1119578,0.2239156,ingr_0000000549,,29.618988,69.75271674,1.392092436,12.351117996,1.599425352,ingr_0000000551,,16.793671,4.87016459,0.033587342,1.17555697,0.218317723,,,,,,,,,,,,,,,,,,,,,
dish_1574444158,0.0,162.0,0.0,0.0,0.0,ingr_0000000008,scrambled eggs,135.0,199.8,14.85,2.16,13.5,ingr_0000000475,salsa,27.0,7.83,0.054,1.782,0.405,,,,,,,,,,,,,,,,,,,,,,,,,,,,,,,,,,,,,,,,,,
dish_1574197731,0.0,145.0,0.0,0.0,0.0,ingr_0000000005,potatoes,56.143372,43.23039644,0.056143372,9.54437324,1.12286744,ingr_0000000010,steak,70.179214,190.18566994,13.33405066,0.0,17.5448035,ingr_0000000122,garlic,3.094376,4.61062024,0.01547188,1.02114408,0.198040064,ingr_0000000291,salt,0.309438,0.0,0.0,0.0,0.0,ingr_0000000475,salsa,14.035843,4.07039447,0.028071686,0.926365638,0.210537645,ingr_0000000555,,1.237751,10.971424864,1.237751,0.0,0.0,,,,,,,,,,,,,,
dish_1572278972,0.0,181.0,0.0,0.0,0.0,ingr_0000000004,bacon,61.0,330.01,25.62,0.854,22.57,ingr_0000000008,scrambled eggs,35.0,51.8,3.85,0.56,3.5,ingr_0000000511,spinach (cooked),85.0,19.55,0.0,3.4,2.55,,,,,,,,,,,,,,,,,,,,,,,,,,,,,,,,,,,
dish_1572376802,0.0,150.0,0.0,0.0,0.0,ingr_0000000031,cucumbers,60.0,6.0,0.0,1.2,0.6,ingr_0000000290,cheddar cheese,30.0,120.57,9.9,0.39,7.44,ingr_0000000442,hummus,60.0,99.6,5.76,8.4,4.74,,,,,,,,,,,,,,,,,,,,,,,,,,,,,,,,,,,
dish_1573505208,0.0,192.0,0.0,0.0,0.0,ingr_0000000168,lasagna,192.0,259.2,9.6,29.568,13.824,,,,,,,,,,,,,,,,,,,,,,,,,,,,,,,,,,,,,,,,,,,,,,,,,
dish_1575997268,0.0,136.0,0.0,0.0,0.0,ingr_0000000008,scrambled eggs,71.666664,106.06666272,7.88333304,1.146666624,7.1666664,ingr_0000000013,berries,47.0,26.79,0.141,6.58,0.329,ingr_0000000440,grapes,3.0,2.07,0.006,0.54,0.021,ingr_0000000475,salsa,14.333334,4.15666686,0.028666668,0.946000044,0.21500001,,,,,,,,,,,,,,,,,,,,,,,,,,,,
dish_1572279989,0.0,243.0,0.0,0.0,0.0,ingr_0000000002,strawberries,243.0,80.19,0.729,19.44,1.701,,,,,,,,,,,,,,,,,,,,,,,,,,,,,,,,,,,,,,,,,,,,,,,,,
dish_1572021459,0.0,108.0,0.0,0.0,0.0,ingr_0000000279,omelets,108.0,166.32,12.636,0.648,11.232,,,,,,,,,,,,,,,,,,,,,,,,,,,,,,,,,,,,,,,,,,,,,,,,,
dish_1572627130,0.0,231.0,0.0,0.0,0.0,ingr_0000000008,scrambled eggs,192.5,284.9,21.175,3.08,19.25,ingr_0000000475,salsa,38.5,11.165,0.077,2.541,0.5775,,,,,,,,,,,,,,,,,,,,,,,,,,,,,,,,,,,,,,,,,,
dish_1573159868,0.0,66.0,0.0,0.0,0.0,ingr_0000000161,olive oil,4.618259,40.82540956,4.618259,0.0,0.0,ingr_0000000243,mozzarella cheese,18.473038,51.281153488,3.158889498,0.591137216,5.17245064,ingr_0000000521,basil,4.618259,1.10838216,0.0,0.09236518,0.18473036,ingr_0000000549,,24.435665,57.545991075,1.148476255,10.189672305,1.31952591,ingr_0000000551,,13.854778,4.01788562,0.027709556,0.96983446,0.180112114,,,,,,,,,,,,,,,,,,,,,
dish_1573491352,0.0,164.0,0.0,0.0,0.0,ingr_0000000002,strawberries,53.0,17.49,0.159,4.24,0.371,ingr_0000000015,hash browns,41.0,133.66,9.02,13.12,1.066,ingr_0000000128,egg whites,70.0,36.4,0.14,0.49,7.0,,,,,,,,,,,,,,,,,,,,,,,,,,,,,,,,,,,
dish_1572453675,0.0,38.0,0.0,0.0,0.0,ingr_0000000039,sausage,38.0,130.948,10.374,1.596,7.334,,,,,,,,,,,,,,,,,,,,,,,,,,,,,,,,,,,,,,,,,,,,,,,,,
dish_1572376778,0.0,120.0,0.0,0.0,0.0,ingr_0000000031,cucumbers,60.0,6.0,0.0,1.2,0.6,ingr_0000000442,hummus,60.0,99.6,5.76,8.4,4.74,,,,,,,,,,,,,,,,,,,,,,,,,,,,,,,,,,,,,,,,,,
dish_1571944487,0.0,130.0,0.0,0.0,0.0,ingr_0000000018,turkey,130.0,245.7,9.1,0.13,37.7,,,,,,,,,,,,,,,,,,,,,,,,,,,,,,,,,,,,,,,,,,,,,,,,,
dish_1573232835,0.0,27.0,0.0,0.0,0.0,ingr_0000000004,bacon,27.0,146.07,11.34,0.378,9.99,,,,,,,,,,,,,,,,,,,,,,,,,,,,,,,,,,,,,,,,,,,,,,,,,
dish_1572627152,0.0,276.0,0.0,0.0,0.0,ingr_0000000008,scrambled eggs,192.5,284.9,21.175,3.08,19.25,ingr_0000000475,salsa,38.5,11.165,0.077,2.541,0.5775,ingr_0000000485,zucchini,45.0,6.75,0.18,1.215,0.495,,,,,,,,,,,,,,,,,,,,,,,,,,,,,,,,,,,
dish_1575997241,0.0,50.0,0.0,0.0,0.0,ingr_0000000013,berries,47.0,26.79,0.141,6.58,0.329,ingr_0000000440,grapes,3.0,2.07,0.006,0.54,0.021,,,,,,,,,,,,,,,,,,,,,,,,,,,,,,,,,,,,,,,,,,
dish_1572029300,0.0,40.0,0.0,0.0,0.0,ingr_0000000161,olive oil,2.798945,24.7426738,2.798945,0.0,0.0,ingr_0000000243,mozzarella cheese,11.19578,31.07948528,1.91447838,0.35826496,3.1348184,ingr_0000000521,basil,2.798945,0.6717468,0.0,0.0559789,0.1119578,ingr_0000000549,,14.809494,34.87635837,0.696046218,6.175558998,0.799712676,ingr_0000000551,,8.396835,2.43508215,0.01679367,0.58777845,0.109158855,,,,,,,,,,,,,,,,,,,,,
dish_1575308389,0.0,146.0,0.0,0.0,0.0,ingr_0000000279,omelets,146.0,224.84,17.082,0.876,15.184,,,,,,,,,,,,,,,,,,,,,,,,,,,,,,,,,,,,,,,,,,,,,,,,,
dish_1574369148,0.0,68.0,0.0,0.0,0.0,ingr_0000000371,dumplings,68.0,156.4,3.672,26.52,4.216,,,,,,,,,,,,,,,,,,,,,,,,,,,,,,,,,,,,,,,,,,,,,,,,,
dish_1573849915,0.0,239.0,0.0,0.0,0.0,ingr_0000000371,dumplings,182.0,418.6,9.828,70.98,11.284,ingr_0000000511,spinach (cooked),57.0,13.11,0.0,2.28,1.71,,,,,,,,,,,,,,,,,,,,,,,,,,,,,,,,,,,,,,,,,,
dish_1571946737,0.0,145.0,0.0,0.0,0.0,ingr_0000000034,celery,2.244267,0.35908272,0.004488534,0.076305078,0.015709869,ingr_0000000045,carrot,2.244267,0.92014947,0.004488534,0.2244267,0.020198403,ingr_0000000094,onions,2.244267,0.8977068,0.002244267,0.20198403,0.024686937,ingr_0000000159,apple cider,17.954138,8.294811756,0.017954138,2.028817594,0.017954138,ingr_0000000189,vinegar,1.137563,0.0,0.0,0.0,0.0,ingr_0000000252,broth,6.873069,18.14490216,1.010341143,1.271517765,1.134056385,ingr_0000000291,salt,0.08906,0.0,0.0,0.0,0.0,ingr_0000000462,pork,112.213371,267.06782298,15.70987194,0.0,29.17547646
dish_1573234760,0.0,21.0,0.0,0.0,0.0,ingr_0000000004,bacon,21.0,113.61,8.82,0.294,7.77,,,,,,,,,,,,,,,,,,,,,,,,,,,,,,,,,,,,,,,,,,,,,,,,,
dish_1574455444,0.0,147.0,0.0,0.0,0.0,ingr_0000000034,celery,2.275223,0.36403568,0.004550446,0.077357582,0.015926561,ingr_0000000045,carrot,2.275223,0.93284143,0.004550446,0.2275223,0.020477007,ingr_0000000094,onions,2.275223,0.9100892,0.002275223,0.20477007,0.025027453,ingr_0000000159,apple cider,18.201782,8.409223284,0.018201782,2.056801366,0.018201782,ingr_0000000189,vinegar,1.153254,0.0,0.0,0.0,0.0,ingr_0000000252,broth,6.96787,18.3951768,1.02427689,1.28905595,1.14969855,ingr_0000000291,salt,0.090288,0.0,0.0,0.0,0.0,ingr_0000000462,pork,113.761139,270.75151082,15.92655946,0.0,29.57789614
dish_1571944214,0.0,225.0,0.0,0.0,0.0,ingr_0000000034,celery,3.482484,0.55719744,0.006964968,0.118404456,0.024377388,ingr_0000000045,carrot,3.482484,1.42781844,0.006964968,0.3482484,0.031342356,ingr_0000000094,onions,3.482484,1.3929936,0.003482484,0.31342356,0.038307324,ingr_0000000159,apple cider,27.859871,12.871260402,0.027859871,3.148165423,0.027859871,ingr_0000000189,vinegar,1.765184,0.0,0.0,0.0,0.0,ingr_0000000252,broth,10.665107,28.15588248,1.567770729,1.973044795,1.759742655,ingr_0000000291,salt,0.138196,0.0,0.0,0.0,0.0,ingr_0000000462,pork,174.124191,414.41557458,24.37738674,0.0,45.27228966
dish_1574109245,0.0,122.0,0.0,0.0,0.0,ingr_0000000007,cauliflower,35.600002,8.9000005,0.106800006,1.7800001,0.640800036,ingr_0000000081,pickles,6.08547,0.6694017,0.01217094,0.13996581,0.01825641,ingr_0000000087,coleslaw,12.17094,18.53634162,1.18058118,1.80129912,0.1217094,ingr_0000000110,barbecue sauce,3.042735,5.2335042,0.01825641,1.24752135,0.02434188,ingr_0000000291,salt,0.042932,0.0,0.0,0.0,0.0,ingr_0000000481,flatbread,64.397644,177.093521,0.772771728,36.06268064,5.860185604,ingr_0000000555,,0.660273,5.852659872,0.660273,0.0,0.0,,,,,,,
dish_1574193316,0.0,275.0,0.0,0.0,0.0,ingr_0000000005,potatoes,78.600723,60.52255671,0.078600723,13.36212291,1.57201446,ingr_0000000007,cauliflower,72.0,18.0,0.216,3.6,1.296,ingr_0000000010,steak,40.171551,108.86490321,7.63259469,0.0,10.04288775,ingr_0000000045,carrot,58.079353,23.81253473,0.116158706,5.8079353,0.522714177,ingr_0000000122,garlic,4.332127,6.45486923,0.021660635,1.42960191,0.277256128,ingr_0000000291,salt,0.433213,0.0,0.0,0.0,0.0,ingr_0000000475,salsa,19.650181,5.69855249,0.039300362,1.296911946,0.294752715,ingr_0000000555,,1.732851,15.359991264,1.732851,0.0,0.0
dish_1571931482,0.0,337.0,0.0,0.0,0.0,ingr_0000000039,sausage,44.0,151.624,12.012,1.848,8.492,ingr_0000000128,egg whites,244.166656,126.96666112,0.488333312,1.709166592,24.4166656,ingr_0000000475,salsa,48.833336,14.16166744,0.097666672,3.223000176,0.73250004,,,,,,,,,,,,,,,,,,,,,,,,,,,,,,,,,,,
dish_1573161475,0.0,91.0,0.0,0.0,0.0,ingr_0000000007,cauliflower,26.5541,6.638525,0.0796623,1.327705,0.4779738,ingr_0000000081,pickles,4.539162,0.49930782,0.009078324,0.104400726,0.013617486,ingr_0000000087,coleslaw,9.078324,13.826287452,0.880597428,1.343591952,0.09078324,ingr_0000000110,barbecue sauce,2.269581,3.90367932,0.013617486,0.93052821,0.018156648,ingr_0000000291,salt,0.032023,0.0,0.0,0.0,0.0,ingr_0000000481,flatbread,48.034309,132.09434975,0.576411708,26.89921304,4.371122119,ingr_0000000555,,0.492499,4.365511136,0.492499,0.0,0.0,,,,,,,
dish_1571934154,0.0,288.0,0.0,0.0,0.0,ingr_0000000008,scrambled eggs,158.333328,234.33332544,17.41666608,2.533333248,15.8333328,ingr_0000000433,roasted potatoes,98.0,138.18,6.664,17.64,2.058,ingr_0000000475,salsa,31.666668,9.18333372,0.063333336,2.090000088,0.47500002,,,,,,,,,,,,,,,,,,,,,,,,,,,,,,,,,,,
dish_1573851615,0.0,227.0,0.0,0.0,0.0,ingr_0000000161,olive oil,2.005811,17.73136924,2.005811,0.0,0.0,ingr_0000000185,collards,116.0,36.308,0.696,6.148,3.48,ingr_0000000291,salt,0.011792,0.0,0.0,0.0,0.0,ingr_0000000341,cream,2.005811,6.745542393,0.734126826,0.054156897,0.056162708,ingr_0000000437,sweet potato,106.976585,81.3022046,0.0,19.2557853,1.06976585,,,,,,,,,,,,,,,,,,,,,
dish_1574269354,0.0,109.0,0.0,0.0,0.0,ingr_0000000007,cauliflower,6.007874,1.5019685,0.018023622,0.3003937,0.108141732,ingr_0000000027,broccoli,10.299212,3.6047242,0.041196848,0.72094484,0.247181088,ingr_0000000042,avocado,13.732284,21.9716544,2.0598426,1.23590556,0.27464568,ingr_0000000072,kale,6.866142,3.36440958,0.048062994,0.61795278,0.226582686,ingr_0000000136,poached eggs,12.015748,17.1224409,1.105448816,0.096125984,1.5019685,ingr_0000000338,vinaigrette,6.866142,31.96189101,3.556661556,0.178519692,0.0,ingr_0000000437,sweet potato,49.779526,37.83243976,0.0,8.96031468,0.49779526,ingr_0000000531,pumpkin seeds,3.433071,15.31149666,0.65228349,1.85385834,0.65228349
dish_1571935085,0.0,85.0,0.0,0.0,0.0,ingr_0000000023,brown rice,17.548388,19.47871068,0.157935492,4.03612924,0.456258088,ingr_0000000032,tomatoes,8.774194,2.98322596,0.061419358,0.596645192,0.061419358,ingr_0000000042,avocado,8.774194,14.0387104,1.3161291,0.78967746,0.17548388,ingr_0000000094,onions,8.774194,3.5096776,0.008774194,0.78967746,0.096516134,ingr_0000000243,mozzarella cheese,23.39785,64.9524316,4.00103235,0.7487312,6.551398,ingr_0000000377,quinoa,17.548388,21.0580656,0.333419372,3.68516148,0.772129072,ingr_0000000515,arugula,0.182796,0.045699,0.001279572,0.006763452,0.004752696,,,,,,,
dish_1576258685,0.0,267.0,0.0,0.0,0.0,ingr_0000000004,bacon,35.0,189.35,14.7,0.49,12.95,ingr_0000000008,scrambled eggs,110.833328,164.03332544,12.19166608,1.773333248,11.0833328,ingr_0000000015,hash browns,99.0,322.74,21.78,31.68,2.574,ingr_0000000475,salsa,22.166668,6.42833372,0.044333336,1.463000088,0.33250002,,,,,,,,,,,,,,,,,,,,,,,,,,,,
dish_1574443257,0.0,160.0,0.0,0.0,0.0,ingr_0000000004,bacon,31.0,167.71,13.02,0.434,11.47,ingr_0000000015,hash browns,129.0,420.54,28.38,41.28,3.354,,,,,,,,,,,,,,,,,,,,,,,,,,,,,,,,,,,,,,,,,,
dish_1573491330,0.0,123.0,0.0,0.0,0.0,ingr_0000000002,strawberries,53.0,17.49,0.159,4.24,0.371,ingr_0000000128,egg whites,70.0,36.4,0.14,0.49,7.0,,,,,,,,,,,,,,,,,,,,,,,,,,,,,,,,,,,,,,,,,,
dish_1573579406,0.0,110.0,0.0,0.0,0.0,ingr_0000000004,bacon,36.0,194.76,15.12,0.504,13.32,ingr_0000000015,hash browns,74.0,241.24,16.28,23.68,1.924,,,,,,,,,,,,,,,,,,,,,,,,,,,,,,,,,,,,,,,,,,
dish_1576171204,0.0,252.0,0.0,0.0,0.0,ingr_0000000008,scrambled eggs,100.0,148.0,11.0,1.6,10.0,ingr_0000000016,brussels sprouts,76.312408,32.81433544,0.228937224,6.86811672,2.594621872,ingr_0000000077,almonds,0.29442,1.70204202,0.1457379,0.06683334,0.06595008,ingr_0000000161,olive oil,1.430858,12.64878472,1.430858,0.0,0.0,ingr_0000000203,chili,0.953905,0.381562,0.00381562,0.084897545,0.01717029,ingr_0000000291,salt,0.008412,0.0,0.0,0.0,0.0,ingr_0000000475,salsa,20.0,5.8,0.04,1.32,0.3,ingr_0000000510,chicken apple sausage,53.0,84.8,5.3,1.59,7.42
dish_1574720429,0.0,96.0,0.0,0.0,0.0,ingr_0000000510,chicken apple sausage,96.0,153.6,9.6,2.88,13.44,,,,,,,,,,,,,,,,,,,,,,,,,,,,,,,,,,,,,,,,,,,,,,,,,
dish_1572365415,0.0,289.0,0.0,0.0,0.0,ingr_0000000545,greek yogurt,289.0,170.51,1.156,10.404,28.9,,,,,,,,,,,,,,,,,,,,,,,,,,,,,,,,,,,,,,,,,,,,,,,,,
dish_1574098164,0.0,42.0,0.0,0.0,0.0,ingr_0000000004,bacon,42.0,227.22,17.64,0.588,15.54,,,,,,,,,,,,,,,,,,,,,,,,,,,,,,,,,,,,,,,,,,,,,,,,,
dish_1574193262,0.0,203.0,0.0,0.0,0.0,ingr_0000000005,potatoes,78.600723,60.52255671,0.078600723,13.36212291,1.57201446,ingr_0000000010,steak,40.171551,108.86490321,7.63259469,0.0,10.04288775,ingr_0000000045,carrot,58.079353,23.81253473,0.116158706,5.8079353,0.522714177,ingr_0000000122,garlic,4.332127,6.45486923,0.021660635,1.42960191,0.277256128,ingr_0000000291,salt,0.433213,0.0,0.0,0.0,0.0,ingr_0000000475,salsa,19.650181,5.69855249,0.039300362,1.296911946,0.294752715,ingr_0000000555,,1.732851,15.359991264,1.732851,0.0,0.0,,,,,,,
dish_1576258657,0.0,168.0,0.0,0.0,0.0,ingr_0000000004,bacon,35.0,189.35,14.7,0.49,12.95,ingr_0000000008,scrambled eggs,110.833328,164.03332544,12.19166608,1.773333248,11.0833328,ingr_0000000475,salsa,22.166668,6.42833372,0.044333336,1.463000088,0.33250002,,,,,,,,,,,,,,,,,,,,,,,,,,,,,,,,,,,
dish_1572625898,0.0,271.0,0.0,0.0,0.0,ingr_0000000004,bacon,43.0,232.63,18.06,0.602,15.91,ingr_0000000008,scrambled eggs,130.0,192.4,14.3,2.08,13.0,ingr_0000000194,fried rice,51.0,80.427,1.122,15.249,2.397,ingr_0000000475,salsa,26.0,7.54,0.052,1.716,0.39,ingr_0000000485,zucchini,21.0,3.15,0.084,0.567,0.231,,,,,,,,,,,,,,,,,,,,,
dish_1576100046,0.0,123.0,0.0,0.0,0.0,ingr_0000000161,olive oil,1.12146,9.9137064,1.12146,0.0,0.0,ingr_0000000291,salt,0.013186,0.0,0.0,0.0,0.0,ingr_0000000335,eggplant,119.622429,29.666362392,0.239244858,7.057723311,1.19622429,ingr_0000000532,pesto,2.242921,12.60521602,1.231363629,0.17943368,0.271393441,,,,,,,,,,,,,,,,,,,,,,,,,,,,
dish_1571932448,0.0,334.0,0.0,0.0,0.0,ingr_0000000059,oatmeal,334.0,227.12,4.676,40.08,8.016,,,,,,,,,,,,,,,,,,,,,,,,,,,,,,,,,,,,,,,,,,,,,,,,,
dish_1572021481,0.0,140.0,0.0,0.0,0.0,ingr_0000000045,carrot,30.840097,12.64443977,0.061680194,3.0840097,0.277560873,ingr_0000000161,olive oil,0.385501,3.40782884,0.385501,0.0,0.0,ingr_0000000279,omelets,108.0,166.32,12.636,0.648,11.232,ingr_0000000291,salt,0.0034,0.0,0.0,0.0,0.0,ingr_0000000545,greek yogurt,0.771002,0.45489118,0.003084008,0.027756072,0.0771002,,,,,,,,,,,,,,,,,,,,,
dish_1572540173,0.0,130.0,0.0,0.0,0.0,ingr_0000000002,strawberries,46.0,15.18,0.138,3.68,0.322,ingr_0000000433,roasted potatoes,84.0,118.44,5.712,15.12,1.764,,,,,,,,,,,,,,,,,,,,,,,,,,,,,,,,,,,,,,,,,,
dish_1575923584,0.0,224.0,0.0,0.0,0.0,ingr_0000000074,pasta,224.0,294.784,2.464,55.552,11.424,,,,,,,,,,,,,,,,,,,,,,,,,,,,,,,,,,,,,,,,,,,,,,,,,
dish_1574098218,0.0,116.0,0.0,0.0,0.0,ingr_0000000004,bacon,42.0,227.22,17.64,0.588,15.54,ingr_0000000128,egg whites,61.666664,32.06666528,0.123333328,0.431666648,6.1666664,ingr_0000000475,salsa,12.333334,3.57666686,0.024666668,0.814000044,0.18500001,,,,,,,,,,,,,,,,,,,,,,,,,,,,,,,,,,,
dish_1571931763,0.0,70.0,0.0,0.0,0.0,ingr_0000000008,scrambled eggs,70.0,103.6,7.7,1.12,7.0,,,,,,,,,,,,,,,,,,,,,,,,,,,,,,,,,,,,,,,,,,,,,,,,,
dish_1572889747,0.0,39.0,0.0,0.0,0.0,ingr_0000000004,bacon,39.0,210.99,16.38,0.546,14.43,,,,,,,,,,,,,,,,,,,,,,,,,,,,,,,,,,,,,,,,,,,,,,,,,
dish_1574098245,0.0,167.0,0.0,0.0,0.0,ingr_0000000002,strawberries,51.0,16.83,0.153,4.08,0.357,ingr_0000000004,bacon,42.0,227.22,17.64,0.588,15.54,ingr_0000000128,egg whites,61.666664,32.06666528,0.123333328,0.431666648,6.1666664,ingr_0000000475,salsa,12.333334,3.57666686,0.024666668,0.814000044,0.18500001,,,,,,,,,,,,,,,,,,,,,,,,,,,,
dish_1572280018,0.0,261.0,0.0,0.0,0.0,ingr_0000000128,egg whites,217.5,113.1,0.435,1.5225,21.75,ingr_0000000475,salsa,43.5,12.615,0.087,2.871,0.6525,,,,,,,,,,,,,,,,,,,,,,,,,,,,,,,,,,,,,,,,,,
dish_1573072447,0.0,196.0,0.0,0.0,0.0,ingr_0000000102,snow peas,57.0,46.17,0.228,7.98,2.85,ingr_0000000161,olive oil,4.198418,37.11401512,4.198418,0.0,0.0,ingr_0000000243,mozzarella cheese,16.793671,46.619230696,2.871717741,0.537397472,4.70222788,ingr_0000000456,barley,79.0,97.17,0.316,22.12,1.817,ingr_0000000521,basil,4.198418,1.00762032,0.0,0.08396836,0.16793672,ingr_0000000549,,22.214241,52.314537555,1.044069327,9.263338497,1.199569014,ingr_0000000551,,12.595253,3.65262337,0.025190506,0.88166771,0.163738289,,,,,,,
dish_1573503054,0.0,128.0,0.0,0.0,0.0,ingr_0000000168,lasagna,128.0,172.8,6.4,19.712,9.216,,,,,,,,,,,,,,,,,,,,,,,,,,,,,,,,,,,,,,,,,,,,,,,,,
dish_1572625810,0.0,199.0,0.0,0.0,0.0,ingr_0000000004,bacon,43.0,232.63,18.06,0.602,15.91,ingr_0000000008,scrambled eggs,130.0,192.4,14.3,2.08,13.0,ingr_0000000475,salsa,26.0,7.54,0.052,1.716,0.39,,,,,,,,,,,,,,,,,,,,,,,,,,,,,,,,,,,
dish_1575481443,0.0,85.0,0.0,0.0,0.0,ingr_0000000015,hash browns,58.0,189.08,12.76,18.56,1.508,ingr_0000000039,sausage,27.0,93.042,7.371,1.134,5.211,,,,,,,,,,,,,,,,,,,,,,,,,,,,,,,,,,,,,,,,,,
dish_1575997210,0.0,3.0,0.0,0.0,0.0,ingr_0000000440,grapes,3.0,2.07,0.006,0.54,0.021,,,,,,,,,,,,,,,,,,,,,,,,,,,,,,,,,,,,,,,,,,,,,,,,,
dish_1571934494,0.0,232.0,0.0,0.0,0.0,ingr_0000000128,egg whites,232.0,120.64,0.464,1.624,23.2,,,,,,,,,,,,,,,,,,,,,,,,,,,,,,,,,,,,,,,,,,,,,,,,,
dish_1572550690,0.0,169.0,0.0,0.0,0.0,ingr_0000000089,spaghetti,169.0,267.02,1.521,52.39,10.14,,,,,,,,,,,,,,,,,,,,,,,,,,,,,,,,,,,,,,,,,,,,,,,,,
dish_1571931678,0.0,351.0,0.0,0.0,0.0,ingr_0000000008,scrambled eggs,120.0,177.6,13.2,1.92,12.0,ingr_0000000039,sausage,85.0,292.91,23.205,3.57,16.405,ingr_0000000128,egg whites,80.0,41.6,0.16,0.56,8.0,ingr_0000000433,roasted potatoes,66.0,93.06,4.488,11.88,1.386,,,,,,,,,,,,,,,,,,,,,,,,,,,,
dish_1572538087,0.0,334.0,0.0,0.0,0.0,ingr_0000000128,egg whites,278.333313,144.73332276,0.556666626,1.948333191,27.8333313,ingr_0000000475,salsa,55.666668,16.14333372,0.111333336,3.674000088,0.83500002,,,,,,,,,,,,,,,,,,,,,,,,,,,,,,,,,,,,,,,,,,
dish_1573159903,0.0,180.0,0.0,0.0,0.0,ingr_0000000021,squash,110.533638,22.65939579,0.331600914,3.758143692,0.994802742,ingr_0000000161,olive oil,6.690765,59.1463626,6.690765,0.0,0.0,ingr_0000000243,mozzarella cheese,18.473038,51.281153488,3.158889498,0.591137216,5.17245064,ingr_0000000291,salt,0.012184,0.0,0.0,0.0,0.0,ingr_0000000444,dates,1.38167,3.8963094,0.00552668,1.0362525,0.03454175,ingr_0000000521,basil,4.618259,1.10838216,0.0,0.09236518,0.18473036,ingr_0000000549,,24.435665,57.545991075,1.148476255,10.189672305,1.31952591,ingr_0000000551,,13.854778,4.01788562,0.027709556,0.96983446,0.180112114
dish_1572540910,0.0,266.0,0.0,0.0,0.0,ingr_0000000008,scrambled eggs,201.0,297.48,22.11,3.216,20.1,ingr_0000000433,roasted potatoes,65.0,91.65,4.42,11.7,1.365,,,,,,,,,,,,,,,,,,,,,,,,,,,,,,,,,,,,,,,,,,
dish_1575307466,0.0,82.0,0.0,0.0,0.0,ingr_0000000055,banana,6.395482,5.69197898,0.019186446,1.47096086,0.070350302,ingr_0000000249,cashews,20.145412,111.484710008,8.702817984,6.224932308,3.585883336,ingr_0000000262,yogurt,40.290825,23.731295925,0.1611633,1.4504697,4.0290825,ingr_0000000291,salt,0.059217,0.0,0.0,0.0,0.0,ingr_0000000359,honey,15.10906,45.9315424,0.0,12.3894292,0.04532718,,,,,,,,,,,,,,,,,,,,,
dish_1571931648,0.0,231.0,0.0,0.0,0.0,ingr_0000000039,sausage,85.0,292.91,23.205,3.57,16.405,ingr_0000000128,egg whites,80.0,41.6,0.16,0.56,8.0,ingr_0000000433,roasted potatoes,66.0,93.06,4.488,11.88,1.386,,,,,,,,,,,,,,,,,,,,,,,,,,,,,,,,,,,
dish_1572278894,0.0,61.0,0.0,0.0,0.0,ingr_0000000004,bacon,61.0,330.01,25.62,0.854,22.57,,,,,,,,,,,,,,,,,,,,,,,,,,,,,,,,,,,,,,,,,,,,,,,,,
dish_1576259732,0.0,174.0,0.0,0.0,0.0,ingr_0000000279,omelets,174.0,267.96,20.358,1.044,18.096,,,,,,,,,,,,,,,,,,,,,,,,,,,,,,,,,,,,,,,,,,,,,,,,,
dish_1573232434,0.0,83.0,0.0,0.0,0.0,ingr_0000000004,bacon,36.0,194.76,15.12,0.504,13.32,ingr_0000000027,broccoli,45.853661,16.04878135,0.183414644,3.20975627,1.100487864,ingr_0000000161,olive oil,1.146341,10.13365444,1.146341,0.0,0.0,,,,,,,,,,,,,,,,,,,,,,,,,,,,,,,,,,,
dish_1572540208,0.0,198.0,0.0,0.0,0.0,ingr_0000000002,strawberries,46.0,15.18,0.138,3.68,0.322,ingr_0000000008,scrambled eggs,68.0,100.64,7.48,1.088,6.8,ingr_0000000433,roasted potatoes,84.0,118.44,5.712,15.12,1.764,,,,,,,,,,,,,,,,,,,,,,,,,,,,,,,,,,,
dish_1574711418,0.0,55.0,0.0,0.0,0.0,ingr_0000000027,broccoli,52.624573,18.41860055,0.210498292,3.68372011,1.262989752,ingr_0000000161,olive oil,0.986711,8.72252524,0.986711,0.0,0.0,ingr_0000000174,bread crumbs,0.725109,2.86418055,0.036980559,0.517002717,0.095714388,ingr_0000000291,salt,0.005801,0.0,0.0,0.0,0.0,ingr_0000000448,jalapenos,0.657807,0.19076403,0.002631228,0.042757455,0.005920263,,,,,,,,,,,,,,,,,,,,,
dish_1574269685,0.0,149.0,0.0,0.0,0.0,ingr_0000000015,hash browns,149.0,485.74,32.78,47.68,3.874,,,,,,,,,,,,,,,,,,,,,,,,,,,,,,,,,,,,,,,,,,,,,,,,,
dish_1575998399,0.0,114.0,0.0,0.0,0.0,ingr_0000000027,broccoli,25.894392,9.0630372,0.103577568,1.81260744,0.621465408,ingr_0000000179,eggs,20.094769,31.247365795,2.109950745,0.241137228,2.511846125,ingr_0000000192,yam,25.894392,32.134940472,0.051788784,7.612951248,0.414310272,ingr_0000000291,salt,0.038058,0.0,0.0,0.0,0.0,ingr_0000000357,lentils,38.841591,44.27941374,0.155366364,7.7683182,3.49574319,ingr_0000000555,,3.236799,28.690986336,3.236799,0.0,0.0,,,,,,,,,,,,,,
dish_1572031254,0.0,133.0,0.0,0.0,0.0,ingr_0000000161,olive oil,5.59789,49.4853476,5.59789,0.0,0.0,ingr_0000000217,lamb,53.0,155.873,11.183,0.0,13.091,ingr_0000000243,mozzarella cheese,22.39156,62.15897056,3.82895676,0.71652992,6.2696368,ingr_0000000521,basil,5.59789,1.3434936,0.0,0.1119578,0.2239156,ingr_0000000549,,29.618988,69.75271674,1.392092436,12.351117996,1.599425352,ingr_0000000551,,16.793671,4.87016459,0.033587342,1.17555697,0.218317723,,,,,,,,,,,,,,
dish_1571944507,0.0,150.0,0.0,0.0,0.0,ingr_0000000018,turkey,130.0,245.7,9.1,0.13,37.7,ingr_0000000031,cucumbers,20.0,2.0,0.0,0.4,0.2,,,,,,,,,,,,,,,,,,,,,,,,,,,,,,,,,,,,,,,,,,
dish_1572464284,0.0,72.0,0.0,0.0,0.0,ingr_0000000101,leeks,30.757072,18.76181392,0.092271216,4.30599008,0.46135608,ingr_0000000161,olive oil,0.542462,4.79536408,0.542462,0.0,0.0,ingr_0000000192,yam,14.763395,18.321373195,0.02952679,4.34043813,0.23621432,ingr_0000000291,salt,11.072546,0.0,0.0,0.0,0.0,ingr_0000000475,salsa,1.845424,0.53517296,0.003690848,0.121797984,0.02768136,ingr_0000000524,parsley,13.019097,4.830084987,0.104152776,0.833222208,0.377553813,,,,,,,,,,,,,,
dish_1573851578,0.0,116.0,0.0,0.0,0.0,ingr_0000000185,collards,116.0,36.308,0.696,6.148,3.48,,,,,,,,,,,,,,,,,,,,,,,,,,,,,,,,,,,,,,,,,,,,,,,,,
dish_1574097565,0.0,99.0,0.0,0.0,0.0,ingr_0000000015,hash browns,99.0,322.74,21.78,31.68,2.574,,,,,,,,,,,,,,,,,,,,,,,,,,,,,,,,,,,,,,,,,,,,,,,,,
dish_1573579635,0.0,54.0,0.0,0.0,0.0,ingr_0000000019,bread,9.550688,25.347525952,0.401128896,4.039941024,1.28934288,ingr_0000000057,lemon,0.225631,0.06543299,0.000676893,0.02030679,0.002481941,ingr_0000000441,butter,0.902524,6.47109708,0.73104444,0.000902524,0.007220192,ingr_0000000494,jams,16.245434,45.16230652,0.016245434,11.20934946,0.064981736,ingr_0000000495,cream cheese,27.075722,94.765027,9.20574548,1.48916471,1.678694764,,,,,,,,,,,,,,,,,,,,,
dish_1571931809,0.0,139.0,0.0,0.0,0.0,ingr_0000000002,strawberries,35.0,11.55,0.105,2.8,0.245,ingr_0000000008,scrambled eggs,70.0,103.6,7.7,1.12,7.0,ingr_0000000433,roasted potatoes,34.0,47.94,2.312,6.12,0.714,,,,,,,,,,,,,,,,,,,,,,,,,,,,,,,,,,,
dish_1573579355,0.0,36.0,0.0,0.0,0.0,ingr_0000000004,bacon,36.0,194.76,15.12,0.504,13.32,,,,,,,,,,,,,,,,,,,,,,,,,,,,,,,,,,,,,,,,,,,,,,,,,
dish_1573760161,0.0,48.0,0.0,0.0,0.0,ingr_0000000027,broccoli,45.926899,16.07441465,0.183707596,3.21488293,1.102245576,ingr_0000000161,olive oil,0.861129,7.61238036,0.861129,0.0,0.0,ingr_0000000174,bread crumbs,0.632822,2.4996469,0.032273922,0.451202086,0.083532504,ingr_0000000291,salt,0.005063,0.0,0.0,0.0,0.0,ingr_0000000448,jalapenos,0.574086,0.16648494,0.002296344,0.03731559,0.005166774,,,,,,,,,,,,,,,,,,,,,
dish_1572454041,0.0,233.0,0.0,0.0,0.0,ingr_0000000002,strawberries,233.0,76.89,0.699,18.64,1.631,,,,,,,,,,,,,,,,,,,,,,,,,,,,,,,,,,,,,,,,,,,,,,,,,
dish_1575923893,0.0,115.0,0.0,0.0,0.0,ingr_0000000074,pasta,115.0,151.34,1.265,28.52,5.865,,,,,,,,,,,,,,,,,,,,,,,,,,,,,,,,,,,,,,,,,,,,,,,,,
dish_1572988785,0.0,107.0,0.0,0.0,0.0,ingr_0000000052,cheese,3.979933,15.99933066,1.31337789,0.051739129,0.99498325,ingr_0000000060,tortilla,8.189308,17.85269144,0.237489932,3.6851886,0.49135848,ingr_0000000094,onions,8.001325,3.20053,0.008001325,0.72011925,0.088014575,ingr_0000000117,tacos,53.0,119.78,6.89,10.653,4.664,ingr_0000000462,pork,25.206244,59.99086072,3.52887416,0.0,6.55362344,ingr_0000000475,salsa,8.623189,2.50072481,0.017246378,0.569130474,0.129347835,,,,,,,,,,,,,,
dish_1574280383,0.0,113.0,0.0,0.0,0.0,ingr_0000000031,cucumbers,71.0,7.1,0.0,1.42,0.71,ingr_0000000442,hummus,42.0,69.72,4.032,5.88,3.318,,,,,,,,,,,,,,,,,,,,,,,,,,,,,,,,,,,,,,,,,,
dish_1572035271,0.0,53.0,0.0,0.0,0.0,ingr_0000000161,olive oil,3.708602,32.78404168,3.708602,0.0,0.0,ingr_0000000243,mozzarella cheese,14.834409,41.180319384,2.536683939,0.474701088,4.15363452,ingr_0000000521,basil,3.708602,0.89006448,0.0,0.07417204,0.14834408,ingr_0000000549,,19.62258,46.2111759,0.92226126,8.18261586,1.05961932,ingr_0000000551,,11.125807,3.22648403,0.022251614,0.77880649,0.144635491,,,,,,,,,,,,,,,,,,,,,
dish_1575393132,0.0,162.0,0.0,0.0,0.0,ingr_0000000032,tomatoes,34.09058,11.5907972,0.23863406,2.31815944,0.23863406,ingr_0000000042,avocado,51.135868,81.8173888,7.6703802,4.60222812,1.02271736,ingr_0000000098,multigrain bread,30.062771,85.889336747,2.765774932,14.73075779,1.232573611,ingr_0000000161,olive oil,8.522645,75.3401818,8.522645,0.0,0.0,ingr_0000000281,edamame,34.09058,41.5905076,1.73861958,3.34087684,3.7499638,ingr_0000000291,salt,0.100209,0.0,0.0,0.0,0.0,ingr_0000000364,sunflower seeds,2.498216,13.64025936,1.249108,0.3747324,0.47466104,ingr_0000000531,pumpkin seeds,1.49913,6.6861198,0.2848347,0.8095302,0.2848347
dish_1576171118,0.0,53.0,0.0,0.0,0.0,ingr_0000000510,chicken apple sausage,53.0,84.8,5.3,1.59,7.42,,,,,,,,,,,,,,,,,,,,,,,,,,,,,,,,,,,,,,,,,,,,,,,,,
dish_1572625859,0.0,250.0,0.0,0.0,0.0,ingr_0000000004,bacon,43.0,232.63,18.06,0.602,15.91,ingr_0000000008,scrambled eggs,130.0,192.4,14.3,2.08,13.0,ingr_0000000194,fried rice,51.0,80.427,1.122,15.249,2.397,ingr_0000000475,salsa,26.0,7.54,0.052,1.716,0.39,,,,,,,,,,,,,,,,,,,,,,,,,,,,
dish_1572886987,0.0,43.0,0.0,0.0,0.0,ingr_0000000015,hash browns,43.0,140.18,9.46,13.76,1.118,,,,,,,,,,,,,,,,,,,,,,,,,,,,,,,,,,,,,,,,,,,,,,,,,
dish_1576183111,0.0,34.0,0.0,0.0,0.0,ingr_0000000161,olive oil,2.379103,21.03127052,2.379103,0.0,0.0,ingr_0000000243,mozzarella cheese,9.516413,26.417562488,1.627306623,0.304525216,2.66459564,ingr_0000000521,basil,2.379103,0.57098472,0.0,0.04758206,0.09516412,ingr_0000000549,,12.58807,29.64490485,0.59163929,5.24922519,0.67975578,ingr_0000000551,,7.13731,2.0698199,0.01427462,0.4996117,0.09278503,,,,,,,,,,,,,,,,,,,,,
dish_1574097587,0.0,118.0,0.0,0.0,0.0,ingr_0000000004,bacon,19.0,102.79,7.98,0.266,7.03,ingr_0000000015,hash browns,99.0,322.74,21.78,31.68,2.574,,,,,,,,,,,,,,,,,,,,,,,,,,,,,,,,,,,,,,,,,,
dish_1571931623,0.0,151.0,0.0,0.0,0.0,ingr_0000000039,sausage,85.0,292.91,23.205,3.57,16.405,ingr_0000000433,roasted potatoes,66.0,93.06,4.488,11.88,1.386,,,,,,,,,,,,,,,,,,,,,,,,,,,,,,,,,,,,,,,,,,
dish_1572365610,0.0,167.0,0.0,0.0,0.0,ingr_0000000433,roasted potatoes,167.0,235.47,11.356,30.06,3.507,,,,,,,,,,,,,,,,,,,,,,,,,,,,,,,,,,,,,,,,,,,,,,,,,
dish_1573147034,0.0,101.0,0.0,0.0,0.0,ingr_0000000012,olives,34.629097,39.82346155,3.705313379,2.181633111,0.277032776,ingr_0000000033,bell peppers,14.841042,5.9364168,0.029682084,1.33569378,0.29682084,ingr_0000000077,almonds,7.420521,42.898031901,3.673157895,1.684458267,1.662196704,ingr_0000000098,multigrain bread,13.611073,38.886835561,1.252218716,6.66942577,0.558053993,ingr_0000000161,olive oil,7.420521,65.59740564,7.420521,0.0,0.0,ingr_0000000179,eggs,23.034122,35.81805971,2.41858281,0.276409464,2.87926525,ingr_0000000291,salt,0.043625,0.0,0.0,0.0,0.0,,,,,,,
dish_1571944648,0.0,88.0,0.0,0.0,0.0,ingr_0000000034,celery,4.897041,0.78352656,0.009794082,0.166499394,0.034279287,ingr_0000000051,shrimp,39.176327,38.78456373,0.117528981,0.078352654,9.40231848,ingr_0000000116,mayonnaise,19.857502,135.0310136,14.8931265,0.119145012,0.19857502,ingr_0000000133,shallots,3.468737,0.6937474,0.006937474,0.114468321,0.052031055,ingr_0000000291,salt,0.02879,0.0,0.0,0.0,0.0,ingr_0000000314,sourdough bread,13.128101,37.927083789,0.236305818,7.377992762,1.562244019,ingr_0000000520,lemon juice,7.443502,1.26539534,0.0,0.416836112,0.029774008,,,,,,,
dish_1571932398,0.0,220.0,0.0,0.0,0.0,ingr_0000000008,scrambled eggs,103.0,152.44,11.33,1.648,10.3,ingr_0000000039,sausage,45.0,155.07,12.285,1.89,8.685,ingr_0000000433,roasted potatoes,72.0,101.52,4.896,12.96,1.512,,,,,,,,,,,,,,,,,,,,,,,,,,,,,,,,,,,
dish_1573848859,0.0,277.0,0.0,0.0,0.0,ingr_0000000385,curries,277.0,288.08,12.742,8.864,33.24,,,,,,,,,,,,,,,,,,,,,,,,,,,,,,,,,,,,,,,,,,,,,,,,,
dish_1572625763,0.0,156.0,0.0,0.0,0.0,ingr_0000000008,scrambled eggs,130.0,192.4,14.3,2.08,13.0,ingr_0000000475,salsa,26.0,7.54,0.052,1.716,0.39,,,,,,,,,,,,,,,,,,,,,,,,,,,,,,,,,,,,,,,,,,
dish_1572540934,0.0,357.0,0.0,0.0,0.0,ingr_0000000008,scrambled eggs,201.0,297.48,22.11,3.216,20.1,ingr_0000000039,sausage,91.0,313.586,24.843,3.822,17.563,ingr_0000000433,roasted potatoes,65.0,91.65,4.42,11.7,1.365,,,,,,,,,,,,,,,,,,,,,,,,,,,,,,,,,,,
dish_1573156908,0.0,123.0,0.0,0.0,0.0,ingr_0000000021,squash,119.259979,24.448295695,0.357779937,4.054839286,1.073339811,ingr_0000000161,olive oil,2.236125,19.767345,2.236125,0.0,0.0,ingr_0000000291,salt,0.013146,0.0,0.0,0.0,0.0,ingr_0000000444,dates,1.49075,4.203915,0.005963,1.1180625,0.03726875,,,,,,,,,,,,,,,,,,,,,,,,,,,,
dish_1572540136,0.0,46.0,0.0,0.0,0.0,ingr_0000000002,strawberries,46.0,15.18,0.138,3.68,0.322,,,,,,,,,,,,,,,,,,,,,,,,,,,,,,,,,,,,,,,,,,,,,,,,,
dish_1573579439,0.0,216.0,0.0,0.0,0.0,ingr_0000000004,bacon,36.0,194.76,15.12,0.504,13.32,ingr_0000000008,scrambled eggs,88.333328,130.73332544,9.71666608,1.413333248,8.8333328,ingr_0000000015,hash browns,74.0,241.24,16.28,23.68,1.924,ingr_0000000475,salsa,17.666668,5.12333372,0.035333336,1.166000088,0.26500002,,,,,,,,,,,,,,,,,,,,,,,,,,,,
dish_1571944549,0.0,283.0,0.0,0.0,0.0,ingr_0000000018,turkey,130.0,245.7,9.1,0.13,37.7,ingr_0000000021,squash,97.390755,19.965104775,0.292172265,3.31128567,0.876516795,ingr_0000000031,cucumbers,20.0,2.0,0.0,0.4,0.2,ingr_0000000161,olive oil,1.826077,16.14252068,1.826077,0.0,0.0,ingr_0000000214,seeds,2.555049,14.262283518,1.257084108,0.275945292,0.789510141,ingr_0000000220,pita bread,30.0,82.5,0.33,16.74,2.64,ingr_0000000291,salt,0.010736,0.0,0.0,0.0,0.0,ingr_0000000359,honey,1.217384,3.70084736,0.0,0.99825488,0.003652152
dish_1574193218,0.0,83.0,0.0,0.0,0.0,ingr_0000000005,potatoes,32.137241,24.74567557,0.032137241,5.46333097,0.64274482,ingr_0000000010,steak,40.171551,108.86490321,7.63259469,0.0,10.04288775,ingr_0000000122,garlic,1.771264,2.63918336,0.00885632,0.58451712,0.113360896,ingr_0000000291,salt,0.177126,0.0,0.0,0.0,0.0,ingr_0000000475,salsa,8.03431,2.3299499,0.01606862,0.53026446,0.12051465,ingr_0000000555,,0.708505,6.28018832,0.708505,0.0,0.0,,,,,,,,,,,,,,
dish_1576258613,0.0,35.0,0.0,0.0,0.0,ingr_0000000004,bacon,35.0,189.35,14.7,0.49,12.95,,,,,,,,,,,,,,,,,,,,,,,,,,,,,,,,,,,,,,,,,,,,,,,,,
dish_1572021506,0.0,193.0,0.0,0.0,0.0,ingr_0000000045,carrot,30.840097,12.64443977,0.061680194,3.0840097,0.277560873,ingr_0000000161,olive oil,0.385501,3.40782884,0.385501,0.0,0.0,ingr_0000000194,fried rice,53.0,83.581,1.166,15.847,2.491,ingr_0000000279,omelets,108.0,166.32,12.636,0.648,11.232,ingr_0000000291,salt,0.0034,0.0,0.0,0.0,0.0,ingr_0000000545,greek yogurt,0.771002,0.45489118,0.003084008,0.027756072,0.0771002,,,,,,,,,,,,,,
dish_1572032323,0.0,75.0,0.0,0.0,0.0,ingr_0000000052,cheese,1.774963,7.13535126,0.58573779,0.023074519,0.44374075,ingr_0000000161,olive oil,0.887481,7.84533204,0.887481,0.0,0.0,ingr_0000000205,corn on the cob,70.998505,75.329413805,1.70396412,15.6196711,2.200953655,ingr_0000000291,salt,0.007826,0.0,0.0,0.0,0.0,ingr_0000000434,sour cream,1.331222,2.63581956,0.25293218,0.061236212,0.031949328,,,,,,,,,,,,,,,,,,,,,
dish_1574443421,0.0,91.0,0.0,0.0,0.0,ingr_0000000055,banana,14.304625,12.73111625,0.042913875,3.29006375,0.157350875,ingr_0000000100,oats,15.980589,62.16449121,1.102660641,10.595130507,2.700719541,ingr_0000000476,almond milk,59.569225,13.70092175,0.59569225,1.9062152,0.2382769,ingr_0000000543,chia seeds,1.145562,5.56743132,0.35512422,0.48113604,0.19474554,,,,,,,,,,,,,,,,,,,,,,,,,,,,
dish_1575307819,0.0,114.0,0.0,0.0,0.0,ingr_0000000015,hash browns,114.0,371.64,25.08,36.48,2.964,,,,,,,,,,,,,,,,,,,,,,,,,,,,,,,,,,,,,,,,,,,,,,,,,
dish_1574443234,0.0,129.0,0.0,0.0,0.0,ingr_0000000015,hash browns,129.0,420.54,28.38,41.28,3.354,,,,,,,,,,,,,,,,,,,,,,,,,,,,,,,,,,,,,,,,,,,,,,,,,
dish_1575478663,0.0,220.0,0.0,0.0,0.0,ingr_0000000008,scrambled eggs,132.0,195.36,14.52,2.112,13.2,ingr_0000000015,hash browns,88.0,286.88,19.36,28.16,2.288,,,,,,,,,,,,,,,,,,,,,,,,,,,,,,,,,,,,,,,,,,
dish_1572376754,0.0,60.0,0.0,0.0,0.0,ingr_0000000031,cucumbers,60.0,6.0,0.0,1.2,0.6,,,,,,,,,,,,,,,,,,,,,,,,,,,,,,,,,,,,,,,,,,,,,,,,,
dish_1572552638,0.0,165.0,0.0,0.0,0.0,ingr_0000000089,spaghetti,165.0,260.7,1.485,51.15,9.9,,,,,,,,,,,,,,,,,,,,,,,,,,,,,,,,,,,,,,,,,,,,,,,,,
dish_1575653017,0.0,71.0,0.0,0.0,0.0,ingr_0000000213,pears,18.656935,10.67176682,0.018656935,2.83585412,0.07462774,ingr_0000000359,honey,6.218978,18.90569312,0.0,5.09956196,0.018656934,ingr_0000000377,quinoa,24.875912,29.8510944,0.472642328,5.22394152,1.094540128,ingr_0000000524,parsley,1.036496,0.384540016,0.008291968,0.066335744,0.030058384,ingr_0000000540,ginger,1.554744,1.2437952,0.012437952,0.27985392,0.027985392,ingr_0000000545,greek yogurt,18.656935,11.00759165,0.07462774,0.67164966,1.8656935,,,,,,,,,,,,,,
dish_1571944531,0.0,253.0,0.0,0.0,0.0,ingr_0000000018,turkey,130.0,245.7,9.1,0.13,37.7,ingr_0000000021,squash,97.390755,19.965104775,0.292172265,3.31128567,0.876516795,ingr_0000000031,cucumbers,20.0,2.0,0.0,0.4,0.2,ingr_0000000161,olive oil,1.826077,16.14252068,1.826077,0.0,0.0,ingr_0000000214,seeds,2.555049,14.262283518,1.257084108,0.275945292,0.789510141,ingr_0000000291,salt,0.010736,0.0,0.0,0.0,0.0,ingr_0000000359,honey,1.217384,3.70084736,0.0,0.99825488,0.003652152,,,,,,,
dish_1573849852,0.0,182.0,0.0,0.0,0.0,ingr_0000000371,dumplings,182.0,418.6,9.828,70.98,11.284,,,,,,,,,,,,,,,,,,,,,,,,,,,,,,,,,,,,,,,,,,,,,,,,,
dish_1573666680,0.0,125.0,0.0,0.0,0.0,ingr_0000000015,hash browns,24.992655,81.4760553,5.4983841,7.9976496,0.64980903,ingr_0000000033,bell peppers,24.992655,9.997062,0.04998531,2.24933895,0.4998531,ingr_0000000036,spinach (raw),12.496327,2.87415521,0.049985308,0.449867772,0.362393483,ingr_0000000046,mushroom,12.496327,2.74919194,0.037488981,0.412378791,0.387386137,ingr_0000000179,eggs,37.488979,58.295362345,3.936342795,0.449867748,4.686122375,ingr_0000000291,salt,0.036733,0.0,0.0,0.0,0.0,ingr_0000000553,,12.496327,26.2422867,1.262129027,0.49985308,3.199059712,,,,,,,
dish_1573665080,0.0,340.0,0.0,0.0,0.0,ingr_0000000008,scrambled eggs,177.0,261.96,19.47,2.832,17.7,ingr_0000000015,hash browns,63.0,205.38,13.86,20.16,1.638,ingr_0000000039,sausage,100.0,344.6,27.3,4.2,19.3,,,,,,,,,,,,,,,,,,,,,,,,,,,,,,,,,,,
dish_1575404926,0.0,89.0,0.0,0.0,0.0,ingr_0000000371,dumplings,89.0,204.7,4.806,34.71,5.518,,,,,,,,,,,,,,,,,,,,,,,,,,,,,,,,,,,,,,,,,,,,,,,,,
dish_1574359160,0.0,211.0,0.0,0.0,0.0,ingr_0000000008,scrambled eggs,111.0,164.28,12.21,1.776,11.1,ingr_0000000487,crepes,100.0,165.0,8.3,16.0,5.9,,,,,,,,,,,,,,,,,,,,,,,,,,,,,,,,,,,,,,,,,,
dish_1572541487,0.0,199.0,0.0,0.0,0.0,ingr_0000000545,greek yogurt,199.0,117.41,0.796,7.164,19.9,,,,,,,,,,,,,,,,,,,,,,,,,,,,,,,,,,,,,,,,,,,,,,,,,
dish_1574702427,0.0,114.0,0.0,0.0,0.0,ingr_0000000015,hash browns,114.0,371.64,25.08,36.48,2.964,,,,,,,,,,,,,,,,,,,,,,,,,,,,,,,,,,,,,,,,,,,,,,,,,
dish_1573760187,0.0,388.0,0.0,0.0,0.0,ingr_0000000027,broccoli,45.926899,16.07441465,0.183707596,3.21488293,1.102245576,ingr_0000000076,brisket,161.90477,251.27620304,11.65714344,0.0,34.0000017,ingr_0000000161,olive oil,0.861129,7.61238036,0.861129,0.0,0.0,ingr_0000000174,bread crumbs,0.632822,2.4996469,0.032273922,0.451202086,0.083532504,ingr_0000000254,mashed potatoes,161.90477,146.84762639,4.69523833,24.44762027,2.75238109,ingr_0000000291,salt,0.005063,0.0,0.0,0.0,0.0,ingr_0000000441,butter,16.190477,116.08572009,13.11428637,0.016190477,0.129523816,ingr_0000000448,jalapenos,0.574086,0.16648494,0.002296344,0.03731559,0.005166774
dish_1573762582,0.0,425.0,0.0,0.0,0.0,ingr_0000000076,brisket,202.380951,314.095235952,14.571428472,0.0,42.49999971,ingr_0000000254,mashed potatoes,202.380951,183.559522557,5.869047579,30.559523601,3.440476167,ingr_0000000441,butter,20.238096,145.10714832,16.39285776,0.020238096,0.161904768,,,,,,,,,,,,,,,,,,,,,,,,,,,,,,,,,,,
dish_1575307845,0.0,143.0,0.0,0.0,0.0,ingr_0000000004,bacon,29.0,156.89,12.18,0.406,10.73,ingr_0000000015,hash browns,114.0,371.64,25.08,36.48,2.964,,,,,,,,,,,,,,,,,,,,,,,,,,,,,,,,,,,,,,,,,,
dish_1573492999,0.0,113.0,0.0,0.0,0.0,ingr_0000000055,banana,8.813286,7.84382454,0.026439858,2.02705578,0.096946146,ingr_0000000249,cashews,27.761362,153.631377308,11.992908384,8.578260858,4.941522436,ingr_0000000262,yogurt,55.522724,32.702884436,0.222090896,1.998818064,5.5522724,ingr_0000000291,salt,0.081605,0.0,0.0,0.0,0.0,ingr_0000000359,honey,20.821022,63.29590688,0.0,17.07323804,0.062463066,,,,,,,,,,,,,,,,,,,,,
dish_1573848236,0.0,41.0,0.0,0.0,0.0,ingr_0000000161,olive oil,2.868919,25.36124396,2.868919,0.0,0.0,ingr_0000000243,mozzarella cheese,11.475675,31.8564738,1.962340425,0.3672216,3.213189,ingr_0000000521,basil,2.868919,0.68854056,0.0,0.05737838,0.11475676,ingr_0000000549,,15.179731,35.748266505,0.713447357,6.329947827,0.819705474,ingr_0000000551,,8.606756,2.49595924,0.017213512,0.60247292,0.111887828,,,,,,,,,,,,,,,,,,,,,
dish_1573159511,0.0,121.0,0.0,0.0,0.0,ingr_0000000021,squash,117.320793,24.050762565,0.351962379,3.988906962,1.055887137,ingr_0000000161,olive oil,2.199765,19.4459226,2.199765,0.0,0.0,ingr_0000000291,salt,0.012932,0.0,0.0,0.0,0.0,ingr_0000000444,dates,1.46651,4.1355582,0.00586604,1.0998825,0.03666275,,,,,,,,,,,,,,,,,,,,,,,,,,,,
dish_1571932341,0.0,45.0,0.0,0.0,0.0,ingr_0000000039,sausage,45.0,155.07,12.285,1.89,8.685,,,,,,,,,,,,,,,,,,,,,,,,,,,,,,,,,,,,,,,,,,,,,,,,,
dish_1574357682,0.0,68.0,0.0,0.0,0.0,ingr_0000000039,sausage,68.0,234.328,18.564,2.856,13.124,,,,,,,,,,,,,,,,,,,,,,,,,,,,,,,,,,,,,,,,,,,,,,,,,
dish_1573232405,0.0,36.0,0.0,0.0,0.0,ingr_0000000004,bacon,36.0,194.76,15.12,0.504,13.32,,,,,,,,,,,,,,,,,,,,,,,,,,,,,,,,,,,,,,,,,,,,,,,,,
dish_1574728191,0.0,145.0,0.0,0.0,0.0,ingr_0000000161,olive oil,10.146175,89.692187,10.146175,0.0,0.0,ingr_0000000243,mozzarella cheese,40.584702,112.663132752,6.939984042,1.298710464,11.36371656,ingr_0000000521,basil,10.146175,2.435082,0.0,0.2029235,0.405847,ingr_0000000549,,53.684418,126.42680439,2.523167646,22.386402306,2.898958572,ingr_0000000551,,30.438528,8.82717312,0.060877056,2.13069696,0.395700864,,,,,,,,,,,,,,,,,,,,,
dish_1573072381,0.0,60.0,0.0,0.0,0.0,ingr_0000000161,olive oil,4.198418,37.11401512,4.198418,0.0,0.0,ingr_0000000243,mozzarella cheese,16.793671,46.619230696,2.871717741,0.537397472,4.70222788,ingr_0000000521,basil,4.198418,1.00762032,0.0,0.08396836,0.16793672,ingr_0000000549,,22.214241,52.314537555,1.044069327,9.263338497,1.199569014,ingr_0000000551,,12.595253,3.65262337,0.025190506,0.88166771,0.163738289,,,,,,,,,,,,,,,,,,,,,
dish_1573233324,0.0,189.0,0.0,0.0,0.0,ingr_0000000015,hash browns,67.0,218.42,14.74,21.44,1.742,ingr_0000000279,omelets,122.0,187.88,14.274,0.732,12.688,,,,,,,,,,,,,,,,,,,,,,,,,,,,,,,,,,,,,,,,,,
dish_1575407477,0.0,77.0,0.0,0.0,0.0,ingr_0000000371,dumplings,77.0,177.1,4.158,30.03,4.774,,,,,,,,,,,,,,,,,,,,,,,,,,,,,,,,,,,,,,,,,,,,,,,,,
dish_1572453962,0.0,261.0,0.0,0.0,0.0,ingr_0000000128,egg whites,217.5,113.1,0.435,1.5225,21.75,ingr_0000000475,salsa,43.5,12.615,0.087,2.871,0.6525,,,,,,,,,,,,,,,,,,,,,,,,,,,,,,,,,,,,,,,,,,
dish_1571934465,0.0,232.0,0.0,0.0,0.0,ingr_0000000002,strawberries,232.0,76.56,0.696,18.56,1.624,,,,,,,,,,,,,,,,,,,,,,,,,,,,,,,,,,,,,,,,,,,,,,,,,
dish_1573073666,0.0,15.0,0.0,0.0,0.0,ingr_0000000027,broccoli,14.352157,5.02325495,0.057408628,1.00465099,0.344451768,ingr_0000000161,olive oil,0.269103,2.37887052,0.269103,0.0,0.0,ingr_0000000174,bread crumbs,0.197757,0.78114015,0.010085607,0.141000741,0.026103924,ingr_0000000291,salt,0.001582,0.0,0.0,0.0,0.0,ingr_0000000448,jalapenos,0.179402,0.05202658,0.000717608,0.01166113,0.001614618,,,,,,,,,,,,,,,,,,,,,
dish_1575924356,0.0,103.0,0.0,0.0,0.0,ingr_0000000074,pasta,103.0,135.548,1.133,25.544,5.253,,,,,,,,,,,,,,,,,,,,,,,,,,,,,,,,,,,,,,,,,,,,,,,,,
dish_1574359199,0.0,329.0,0.0,0.0,0.0,ingr_0000000008,scrambled eggs,111.0,164.28,12.21,1.776,11.1,ingr_0000000433,roasted potatoes,118.0,166.38,8.024,21.24,2.478,ingr_0000000487,crepes,100.0,165.0,8.3,16.0,5.9,,,,,,,,,,,,,,,,,,,,,,,,,,,,,,,,,,,
dish_1576171157,0.0,132.0,0.0,0.0,0.0,ingr_0000000016,brussels sprouts,76.312408,32.81433544,0.228937224,6.86811672,2.594621872,ingr_0000000077,almonds,0.29442,1.70204202,0.1457379,0.06683334,0.06595008,ingr_0000000161,olive oil,1.430858,12.64878472,1.430858,0.0,0.0,ingr_0000000203,chili,0.953905,0.381562,0.00381562,0.084897545,0.01717029,ingr_0000000291,salt,0.008412,0.0,0.0,0.0,0.0,ingr_0000000510,chicken apple sausage,53.0,84.8,5.3,1.59,7.42,,,,,,,,,,,,,,
